{
  "name": "exp_size_H64",
  "label": "Size scaling \u2014 H=64 hidden units",
  "group": "size_scaling",
  "method": "ipopt",
  "H": 64,
  "L_max": 4.0,
  "B_max": 6.0,
  "use_lipschitz": true,
  "use_norm_ball": true,
  "use_symmetry_break": true,
  "noise_std": 0.05,
  "n_vars": 193,
  "n_constraints": 65,
  "success": true,
  "return_status": "Solve_Succeeded",
  "solve_time": 7.085048675537109,
  "n_iter": 328,
  "train_mse": 0.0019031221167169082,
  "test_mse": 0.0030947235586294202,
  "lipschitz_estimate": 3.9993723100459984,
  "max_constraint_violation": 0.0,
  "w": [
    -0.01724554670891769,
    -0.017248822757061414,
    -0.017250408961663265,
    -0.017251447209742976,
    -0.01725221576905502,
    0.5598604219963065,
    0.15484330998328574,
    0.15460688449403936,
    -0.017256577941683164,
    -0.017257222536209444,
    -0.01725774208580283,
    0.15408153743597902,
    -0.017258556962226095,
    -0.017258888977763114,
    -0.01725918325480085,
    -0.01725944732711073,
    -0.017259686690167704,
    -0.017259905473949667,
    -0.01726010685926009,
    -0.017260293347411863,
    -0.01726046693946455,
    0.15352075352411357,
    -0.017260782975956356,
    -0.01726092772559409,
    -0.01726106447330748,
    -0.017261194035389036,
    -0.017261317110346928,
    -0.017261434300165183,
    -0.017261546127565048,
    -0.017261653048955796,
    -0.01726175546546851,
    -0.017261853731311394,
    -0.01726194816081339,
    -0.017262039034109056,
    -0.01726212660217774,
    -0.01726221109040811,
    -0.01726229270218945,
    -0.017262371621419408,
    -0.01726244801520275,
    1.027933688336137,
    -0.00535227708221783,
    -0.003815454002522667,
    -0.002856095943241408,
    -0.002101336285786786,
    -0.0014470351395501257,
    -0.000846994209952082,
    -0.0002745194748118482,
    0.0002895888269421226,
    0.0008625360608755111,
    0.001463638398104488,
    0.0021199090381637206,
    0.0028783901175819158,
    0.003846050469483681,
    0.0054083066494004794,
    -0.7080709395472612,
    0.006922595906123366,
    0.006922356919475308,
    0.006922075650921701,
    -0.40149424401981043,
    0.006921338236025317,
    0.006920811440436311,
    -0.40155615922862026,
    0.44157767792463654,
    -0.40168854460721887,
    -0.3092945319093858,
    -0.3081118865279857,
    -0.30751942034188007,
    -0.3071239336349922,
    -0.30682703190772453,
    -0.30658932700190156,
    -0.3058877242020027,
    -0.3054191079225632,
    -0.30506724258017753,
    -0.3047951995204639,
    -0.30457342286815514,
    -0.30438621277517913,
    -0.30422087983229174,
    -0.30407553102185353,
    -0.3039458497232137,
    -0.3038287821805038,
    -0.30372208856238836,
    -0.3036240772547631,
    -0.30353343941036776,
    -0.30344914154257746,
    -0.30337035332765494,
    -0.3032963976166556,
    -0.30322610963911095,
    -0.30315969165200546,
    -0.3030967390632932,
    -0.3030369076109781,
    -0.3029799019333193,
    -0.3029254667238088,
    -0.30287337979977436,
    -0.30282344660834787,
    -0.30277549582632957,
    -0.30272937580256937,
    -0.30268495165640025,
    -0.3026421028920966,
    -0.3026007214230024,
    -0.30256070992370065,
    -0.3025219804469624,
    -0.30248445325600526,
    -0.30244805583304857,
    -0.30241272203315944,
    -0.03457173406962417,
    -0.024155081046753468,
    -0.017921116972051346,
    -0.013117612071108585,
    -0.00900474241213035,
    -0.00526129181668285,
    -0.0017044881756478176,
    0.0017957773053218905,
    0.0053556577753071715,
    0.009106046908252374,
    0.013231880390270082,
    0.018060163364123322,
    0.02435055541691914,
    0.03498437085385096,
    1.5353963804485324,
    1.535426794046784,
    1.5354617801232788,
    1.5355029563812952,
    1.5355529835633763,
    1.5356109120858994,
    1.5356880354135436,
    1.535803375810238,
    1.535971600323996,
    1.5363386317063217,
    -0.05094555011468637,
    -0.05081699158898628,
    -0.05075252611556942,
    -0.050709470620127456,
    -0.050677135599812385,
    0.6002464619839731,
    0.17155115192892362,
    0.17115826409326823,
    -0.05048526451438559,
    -0.05045557037129216,
    -0.05043135633732757,
    0.17028731401474878,
    -0.050392852756827845,
    -0.050376973874231075,
    -0.05036280446043599,
    -0.050350011520837915,
    -0.05033835078059974,
    -0.05032763773068329,
    -0.050317729594994025,
    -0.0503085136239982,
    -0.05029989922262073,
    0.1693607326987361,
    -0.0502841262176657,
    -0.050276862580171965,
    -0.050269977432328056,
    -0.050263433197390475,
    -0.05025719763454233,
    -0.0502512428728666,
    -0.05024554465650834,
    -0.050240081744241445,
    -0.05023483543046154,
    -0.05022978915638266,
    -0.0502249281934111,
    -0.05022023938312818,
    -0.050215710921864304,
    -0.0502113321807404,
    -0.050207093554342705,
    -0.05020298633359862,
    -0.05019900259782694,
    -0.6529755411269118,
    -0.009002231705080152,
    -0.006364864809578185,
    -0.00474730261659895,
    -0.003485523209836593,
    -0.0023971742332300886,
    -0.001402111345315546,
    -0.00045432998659469744,
    0.00047911397558716116,
    0.0014276955500113308,
    0.002424558888942594,
    0.0035162582963496228,
    0.004784398978487646,
    0.006416276311476304,
    0.009101277614100697,
    1.671000268081303,
    0.12418880654928299,
    0.12418954321823339,
    0.12419041016969595,
    -0.7720650136838391,
    0.12419268283451985,
    0.1241943061525613,
    -0.7722410978655638,
    -0.6115505044071528,
    -0.7726177023982584,
    0.1865706879544965
  ],
  "history": [],
  "timestamp": "2026-06-16 20:37:49"
}