{
  "name": "exp_size_H32",
  "label": "Size scaling \u2014 H=32 hidden units",
  "group": "size_scaling",
  "method": "ipopt",
  "H": 32,
  "L_max": 4.0,
  "B_max": 6.0,
  "use_lipschitz": true,
  "use_norm_ball": true,
  "use_symmetry_break": true,
  "noise_std": 0.05,
  "n_vars": 97,
  "n_constraints": 33,
  "success": true,
  "return_status": "Solve_Succeeded",
  "solve_time": 1.739182949066162,
  "n_iter": 295,
  "train_mse": 0.0018443838805925156,
  "test_mse": 0.0030496532350665286,
  "lipschitz_estimate": 3.998749737572074,
  "max_constraint_violation": 0.0,
  "w": [
    -0.055161158744864276,
    -0.05459682848934587,
    0.03205129216312071,
    0.041908816478815246,
    -0.05307049974866763,
    -0.052549751719451504,
    0.04883937411466509,
    0.04992502962266721,
    -0.05053269126726279,
    -0.049611382479142936,
    -0.048260334877392015,
    -0.046097823309024705,
    -0.041182181765803585,
    0.05434380246313023,
    0.05520560623657159,
    -0.9358565323752647,
    0.04384118652140381,
    -0.21085484905786303,
    0.0438292243827029,
    0.043822009513966635,
    -0.21121259138371412,
    0.043803615827117254,
    0.04379117191347227,
    0.04377461215645706,
    0.04374984936927318,
    0.043700676913148266,
    -0.43149527941070115,
    -0.9314358380412217,
    -0.6283351625593646,
    0.6828939642819649,
    -0.6284106502967436,
    0.007745608562925153,
    -0.05529296224876649,
    -0.03879207878313915,
    -0.028404218125043623,
    -0.021948574585499668,
    -0.017131943294681692,
    -0.012386778112738254,
    -0.007551032263527668,
    -0.0033838266835147517,
    0.0003595368975098581,
    0.004451450512744884,
    0.009087910603938341,
    0.014632763085024965,
    0.02191680025824165,
    0.03369666560043101,
    0.05126804201013188,
    0.4622399230619272,
    0.4623880126799892,
    0.46255276953255925,
    0.46273663864705156,
    0.4629469450010556,
    0.4631925881778694,
    0.4634833087295293,
    0.46384630587349207,
    0.46432954292927814,
    0.46505253133199675,
    0.46648969475059654,
    0.6219004337423801,
    2.2360727426667557,
    2.2361583239873846,
    2.2362707291670483,
    2.2364302383087957,
    2.2367174934907332,
    -0.07029367468432829,
    -0.06706010375368872,
    0.0314890909896733,
    0.04339429126761475,
    -0.06195775623588538,
    -0.06063418595230957,
    0.053373001126432174,
    0.05523834268451008,
    -0.056386528581099216,
    -0.05471679882036649,
    -0.0524778551466893,
    -0.04919114846536465,
    -0.04256515691853134,
    0.06597637519523568,
    0.06973600011391434,
    0.6969328407749353,
    0.12445668643297794,
    -0.2157431291496728,
    0.12449858428940361,
    0.12452385534035085,
    -0.21625818494704271,
    0.12458830050847844,
    0.12463190757170857,
    0.1246899469024381,
    0.12477675299726065,
    0.12494920549099411,
    -0.47925880496057877,
    1.3701630576425656,
    -0.9285438852648225,
    -0.4213919190302578,
    -0.9286935340946416,
    0.21474978241063586,
    0.3129858961898943
  ],
  "history": [],
  "timestamp": "2026-06-16 20:37:41"
}